Apple 아이폰 13 256GB [자급제],"최저1,160,000원판매처 100",https://cr.shopping.naver.com/adcr.nhn?x=n2siggJdpO43UfCyPVuE3P%2F%2F%2Fw%3D%3DssPR7KQj1n6CAA9hug4Q6Qt%2Fyb0yWz%2BSHAa%2F9MKF1s2AbsBKbbjTB%2BBCjsLv6tz%2BjOlHNJMjdao9rHBS3IaQeG5rAUNqKqY4qaRCmvORRNfE1LiHWansbkib90TNJ0FSewfJeq6uBbD7pL%2FrSyQ2rBEgAn8lD2%2BxrgblrBqYwPdWug%2B9sjA7rHdeMLkY%2BwIMUQUzDYPs6sIAQ2akrCEq2IDQZD6UDT51Dg8nNb9lI8fV%2BFLPJmN7kd5F0maTGsL0cGDFZlUMhE9CKhSuCW3eWSWLG%2FWj8A2bN0dBnPGljdGS54J8UO7LDGXdPU9Do8oyMXmq0wb8nQ9S1CNyVqQgAyOEZx%2BtOWpauVaJDMyxDAROzaLo3YojXuQJMvdaZ%2BI%2Fy%2F0X8gFBBhr6rnnTk5Nq2rKILc1t2XjGv9C4AO%2BQtVfyxyTNOpvF5JKAAUscSxRXpjrModG8ApvyDh2g%2Bv61QBw8fGnfSmUm6vWXYDFIsx9ZD%2FkFMO4s7sTx4sbc7XXXQvaOjGxMtdSZf0nL3LrxHbOMbNQ%2B1SOGSwhtnqc4n7%2B1PwCXFJiRdosf3os3K%2FWn1U%2FuAgJ7ih5fml5fvbhI0vIE2DWSz%2BK36HYF2mm4S9wZvU2Y6hEEwGxc1AZfON9sL4VRAH%2BsMDObarUodGweR8Q%3D%3D&nvMid=29029192591&catId=50001519
Apple 아이폰 13 프로 256GB [자급제],"최저1,438,800원판매처 90",https://cr.shopping.naver.com/adcr.nhn?x=dYuMmIRqCfRkHNogYFqzVP%2F%2F%2Fw%3D%3Dsi828XK0RCgxO3Pb%2FIKQAcjm1RE9z2b4yORVj9izZoH5hJz9H0Ub4KLvuVTVtNMxM9S4S1f4v2WgWb3o2ZTM%2FjKEFNgc0nnsQjHRT8mTwVEDEUnz2ntRl4SK1Lw2AfQKn1zNSVtGKZm9bKz4z5xMRhci30QtKP1mA7BYZPpxeJLexWvZfe2todmJfmpbNrXnq6b4twwZe%2FXnN8SL9cd67Sbix7jXt7MNVc9AIu4EfDZlNEwRr%2B3STfYHGn%2FB5b3e47fE434US7C%2BnvBI7CTqdFPh%2FvU%2BCgGcOdTxpNA4a0f%2Bk6v2w9jBqMGR4TTsgYaQnlII%2ByYYqWVu3SSXxcjEJdE9Catv5yizJyuN3ByeWAS5QvCL0vjT7BDyew%2BppTYv%2B42C%2Fc7qRTevQOFdP2Clgn9O0ltzUe9FY5hg%2BTDV1yG1LXcv9Az4Jm6rquko58j6DsqLykQuGh01ylIDtEDoqxtvvos%2FMSuxElPahJc0T67zlE80KNwbfNxekQsGJejRksTXhzeKkynwlV5iG42bUw%2Fi7U%2BrzNJm89S6vKBd3oXTpEPB1fcF4VJGi7a8wZCMjpuWmPUn4omDthcd%2BJi5EGjp%2B2k%2Fp3CJBtcZ1rpKDhedXc50eBITwugSNPH3Ok09sVpGw61BSdoQRvEGgfFlc5w%3D%3D&nvMid=29030492586&catId=50001519
Apple 아이폰 13 프로 128GB [자급제],"최저1,300,000원판매처 93",https://cr.shopping.naver.com/adcr.nhn?x=7yxst52cVOVMBlGI0vOZw%2F%2F%2F%2Fw%3D%3Ds2HdlS5xFSeA9GcqZAsMD%2BAYCz6dEWF29bgROxllVki0XfmlaZeQqomjdtI9e3qsmHtXpmPE18MVGChLT0DavWEIPABQtJoWRBe45NM0Ybvm62tupym7FzNa7hTKvJu6zc88%2FdECjPgotJW6uN4igUcOmY27ZGze0Q%2BtXRlM4OxtFSICBvI1ATDFN58yC%2Fe2xOWrbNC0B%2FwWjv3UMhNy28cdAmfSN83ChOoIPfneWzCavS7fnn7TEzbGYEdK0StlzMilCoMBaAU6UQyrKDO4egCXeuR%2FfUTgmpgJUzLFhmQcHs%2F2PHkpmvWjL2qy1nHubJdfE9E%2By7C7xDv5u4TciX4XArtlIcFHlZiw%2BINeP%2BrJXfqiCwBtPYYwEdSt6i2JAHH5%2F%2FrTPKN8vdPErW076OFZRUPHfSrK8%2FRQ6mKxMpUwEc05LTibBt%2FawtKKLwCqnk6qjg%2F%2B%2B1yHbR7Om%2F12%2BtHnpx4gEZsGjZBJSCDwSLbAlDv77rgQoH8LCOsgmhGGjhejKyKKQJPosYkFFU2iKXn1CjGB2qwexDJj6utvPZHANauEcRynSn%2F8orOK7nc90hhr2dXLb8juf4vSGkKIRdzHhg9elISfuismp7kv30h2FbDf4gHI5rSMJU1BWcIOg&nvMid=29030420587&catId=50001519
Apple 아이폰 13 미니 128GB [자급제],"최저919,908원판매처 104",https://cr.shopping.naver.com/adcr.nhn?x=gSmSrbQrl%2FrMZHtqoLeI%2B%2F%2F%2F%2Fw%3D%3DsO0HB9gx7cnf6YPpPJKtsYzAmbvv9CSRZySphbEf9n%2FIbsBKbbjTB%2BBCjsLv6tz%2BjOhVBRA8f64aTWEjKC81606ePzPDlLb%2B2y%2BECtrKcSOw1LiHWansbkib90TNJ0FSewfJeq6uBbD7pL%2FrSyQ2rBEgAn8lD2%2BxrgblrBqYwPdWug%2B9sjA7rHdeMLkY%2BwIMUBsMQtj5XHDJQWXtaIT33czQZD6UDT51Dg8nNb9lI8fV%2BFLPJmN7kd5F0maTGsL0cGDFZlUMhE9CKhSuCW3eWSWLG%2FWj8A2bN0dBnPGljdGS54J8UO7LDGXdPU9Do8oyMXmq0wb8nQ9S1CNyVqQgAyGS0kzCfXqRWuMq8geuWQp2zaLo3YojXuQJMvdaZ%2BI%2Fy%2F0X8gFBBhr6rnnTk5Nq2rCmT%2F8qts%2FDucK1%2FRh%2BGGGWxyTNOpvF5JKAAUscSxRXpjrModG8ApvyDh2g%2Bv61QB9f04SLzEOLuWyApwkiBtsEN%2FOXq06xFLlMCwNDQObjPLcqEhOiscytOptfh0D9%2BArlrx59R3Nvvt16TdbHapMTVodBgIKR01R0f6%2B8MyDGSQh2atsvoh%2FQ2HnQRxYfioHmF0q9PyZxlpUq4sMBJK1oDfkLIyuldBS3f8m8e6nLmzUhNzs2VE%2B%2Bisqs3JAEppg%3D%3D&nvMid=29030650586&catId=50001519
Apple 아이폰 13 128GB [자급제],"최저1,050,000원판매처 93",https://cr.shopping.naver.com/adcr.nhn?x=kzGzzSzg7XXDh6hWxxsB%2F%2F%2F%2F%2Fw%3D%3DsR8%2B9HwGKQeKunpNWc8kFc5Dz1snn0JBRso%2FhkSrC2fdhJz9H0Ub4KLvuVTVtNMxMX6WpZ5HN0OjVjuQ0wl6YU6EFNgc0nnsQjHRT8mTwVEDEUnz2ntRl4SK1Lw2AfQKn1zNSVtGKZm9bKz4z5xMRhci30QtKP1mA7BYZPpxeJLexWvZfe2todmJfmpbNrXnqNGdmVqT0qJ11casXr%2FJUjrix7jXt7MNVc9AIu4EfDZlNEwRr%2B3STfYHGn%2FB5b3e47fE434US7C%2BnvBI7CTqdFPh%2FvU%2BCgGcOdTxpNA4a0f%2Bk6v2w9jBqMGR4TTsgYaQnlII%2ByYYqWVu3SSXxcjEJdIz2dzMI33qhouWR6HrFQL9QvCL0vjT7BDyew%2BppTYv%2B42C%2Fc7qRTevQOFdP2Clgn%2Fflzm1tFxtWxnYvvZbMeVJLXcv9Az4Jm6rquko58j6DsqLykQuGh01ylIDtEDoqxknc4HamPIK%2BSkIHqu%2F81jcUVxRG4ldwD1%2BkE4NgSPi69o71xMnqtKUGx3RMLScEjINvYAj6Y4ffIgWJOjVPHpqIDf9TYDOC4LzgCehLsur5e6Fh0U1eUGaRjvOAbJRJn2posQSL0W7ZOhLMMG0vC90OEsHC78VBLnFZh%2FnDobeN&nvMid=29030374587&catId=50001519
Apple 아이폰 13 미니 256GB [자급제],"최저1,070,000원판매처 73",https://cr.shopping.naver.com/adcr.nhn?x=1LdB9WqVmuPIcc4oYCclxf%2F%2F%2Fw%3D%3Ds5WOAWeWEC0QeXfSmbPbv28Vf51U2qX53l%2F%2Bq644Q%2Fn1hJz9H0Ub4KLvuVTVtNMxM3qaME7wo0AuAkX8jvqxJuKEFNgc0nnsQjHRT8mTwVEDEUnz2ntRl4SK1Lw2AfQKn1zNSVtGKZm9bKz4z5xMRhci30QtKP1mA7BYZPpxeJLexWvZfe2todmJfmpbNrXnq057%2FmlbCMWUqQYtn8CmoI7ix7jXt7MNVc9AIu4EfDZlNEwRr%2B3STfYHGn%2FB5b3e47fE434US7C%2BnvBI7CTqdFPh%2FvU%2BCgGcOdTxpNA4a0f%2Bk6v2w9jBqMGR4TTsgYaQnlII%2ByYYqWVu3SSXxcjEJdMxP%2F1Rj0UPOmE1sTukh8C5QvCL0vjT7BDyew%2BppTYv%2B42C%2Fc7qRTevQOFdP2Clgn26BfBptys0g9fSyyh10ap1LXcv9Az4Jm6rquko58j6DsqLykQuGh01ylIDtEDoqxqDKRyWzRbWfsIBl5SPfQ8zlE80KNwbfNxekQsGJejRksTXhzeKkynwlV5iG42bUwz6sCALwY%2BFcOxYro5nma9lJWUy9fvMzT%2B%2BEep6Cmbqk75%2FUPHB4Y%2BkjP%2F3y4YkJ92UTfg%2BzEitXlRD6rC6SG8NXc50eBITwugSNPH3Ok09sVpGw61BSdoQRvEGgfFlc5w%3D%3D&nvMid=29030437590&catId=50001519
Apple 아이폰 13 프로 맥스 256GB [자급제],"최저1,600,000원판매처 49",https://cr.shopping.naver.com/adcr.nhn?x=rFG99MWQ32%2FvBRMGU7RXB%2F%2F%2F%2Fw%3D%3DsOr3qOB2nKCw2EebLN39rjlQ061PqVkPit1GP3HoWssJhJz9H0Ub4KLvuVTVtNMxMxMJKJVBsCEp01pTVbJ5bUaEFNgc0nnsQjHRT8mTwVEDEUnz2ntRl4SK1Lw2AfQKn1zNSVtGKZm9bKz4z5xMRhci30QtKP1mA7BYZPpxeJLexWvZfe2todmJfmpbNrXnqiTiHgV17tngZX6ODLdebGbix7jXt7MNVc9AIu4EfDZlNEwRr%2B3STfYHGn%2FB5b3e47fE434US7C%2BnvBI7CTqdFPh%2FvU%2BCgGcOdTxpNA4a0f%2Bk6v2w9jBqMGR4TTsgYaQnlII%2ByYYqWVu3SSXxcjEJdOOmL5X%2BlkHMJ52vvnRWMV5QvCL0vjT7BDyew%2BppTYv%2B42C%2Fc7qRTevQOFdP2Clgn5qDTcwvRZ11kyUqJ36AQalLXcv9Az4Jm6rquko58j6DsqLykQuGh01ylIDtEDoqxgd%2BG16etLspUe2HE9zONyfG206zoTJkKRJKeFBLcypkhOBUHb0ZqO6MTkr8MsJnIU0CG5bPGe%2BF8TONeFIzNntDvYrXEoFOrSLcJfPpGhbzEaThcwm2jOjlPe7qD4n467o1rlau6HmvO6SIylKuTAMWVTqFiu1sgmR7NcKjRQevHRyPBWbUFRhWScTsgQynPg%3D%3D&nvMid=29030294588&catId=50001519
Apple 아이폰 13 미니 512GB [자급제],"최저1,203,650원판매처 72",https://cr.shopping.naver.com/adcr.nhn?x=4UsW2dA2u4VCVf6uLYQrZv%2F%2F%2Fw%3D%3Ds8eA9%2BbMeUDexTYod5GJ77WW2vUDKwI1jcrwR%2F6VYJTlWQE1WikGGRjsm7ORTamZ7WoDZtQY27zHbG7rXS4pW%2B9EdMyc6M3qabj%2BayDsnnd3Yn%2FrRQZYKNb8zB98gGSI%2BzQUdXn%2F82ceExvO9at5nuEPg%2F6PYJW9LpCSumzPJoiiI9aZyW4hhCgmcrsQhWGWGRcIO%2FsSRKHMrPSPiMPM2BfKAXVfyDB1yTbVYYpYzcFnUHxlEatbmVq7jmztE%2FywswdfFMO%2BxXezgqseC3o6G0676rPu4k551xe4F%2BhBNdiwQhkkHXK4%2FmSRy5icYE%2F2772e3MtFfv9yQbDbLFwar4xvAHLGSWwkDmdLiYS5vlj5kIptLkhleORsoGb3BUK6Qk7A%2FO6d9%2F96zm7%2FMwASq2S%2FbsFab1MaplxhxWCpQN79KsaK6szvgRo5X5XC1HnWyi3Qtkfn1hMkL8tyo3kAsI4L05w4dWBlzRD%2F488Jiycz1JtnyFV8OD7Bngtl8x0Qvfm8I4%2BLwqxkEirhSi8uz%2FBzXodD%2Fuu3BPgOWyfXXhtPvW2q1ZBpuV%2F%2FvtKUgTGHntT5iR2YdERiMIq4zXBrZ2o0IXOxeIZa0wErwihnL0jnNjqh%2FZemCCOboDhnweAmG&nvMid=29030296587&catId=50001519
Apple 아이폰 13 프로 512GB [자급제],"최저1,594,800원판매처 53",https://cr.shopping.naver.com/adcr.nhn?x=ifN5qemccPzSrPBp24Xewv%2F%2F%2Fw%3D%3DsH%2F4Rdi1MS3%2BH1exvaWzzKk0gVS8n2OiMjRGg5TOxfyVWQE1WikGGRjsm7ORTamZ7HbH3eg%2F7pnwTq87TyMKERtEdMyc6M3qabj%2BayDsnnd3Yn%2FrRQZYKNb8zB98gGSI%2BzQUdXn%2F82ceExvO9at5nuEPg%2F6PYJW9LpCSumzPJoiiI9aZyW4hhCgmcrsQhWGWGidrGyrdYG9xYKiUSnB31wfKAXVfyDB1yTbVYYpYzcFnUHxlEatbmVq7jmztE%2FywswdfFMO%2BxXezgqseC3o6G0676rPu4k551xe4F%2BhBNdiwQhkkHXK4%2FmSRy5icYE%2F27ZC%2BSXUxwyLUckntucAABtUo2ezN7%2FS5Ka7ahb3vwl11kIptLkhleORsoGb3BUK6Qk7A%2FO6d9%2F96zm7%2FMwASq2eUTAUGeqbZ8HStJAMoogBZKsaK6szvgRo5X5XC1HnWyJWkKsSeQuaZ%2FlYk3rKhKIOYgRCIFJbn64sKMuzZNgCv1JtnyFV8OD7Bngtl8x0Qvfm8I4%2BLwqxkEirhSi8uz%2FMhTA1QKiQ4xkJ8JoQX9v4DvW2q1ZBpuV%2F%2FvtKUgTGHnU9f0Vcf%2Ffei3yJTpgN6%2FpCnGh64i8v0hQPqMSjwQUb%2FNjqh%2FZemCCOboDhnweAmG&nvMid=29030416587&catId=50001519
Apple 아이폰 13 프로 맥스 128GB [자급제],"최저1,490,000원판매처 47",https://cr.shopping.naver.com/adcr.nhn?x=1cXR03uI4Nl54LzczSn%2Fcv%2F%2F%2Fw%3D%3DsVHUOYdE2MWLciWYotXPDNpEhRLNqQCs0d0R8IFzz05kbsBKbbjTB%2BBCjsLv6tz%2BjO4c%2F%2BclA2uOhtFJWLYHag699Dgm%2Fo8lTV60By5biltI1LiHWansbkib90TNJ0FSewfJeq6uBbD7pL%2FrSyQ2rBEgAn8lD2%2BxrgblrBqYwPdWug%2B9sjA7rHdeMLkY%2BwIMUnr7qtY8dVn8btdAmR5NIrzQZD6UDT51Dg8nNb9lI8fV%2BFLPJmN7kd5F0maTGsL0cGDFZlUMhE9CKhSuCW3eWSWLG%2FWj8A2bN0dBnPGljdGS54J8UO7LDGXdPU9Do8oyMXmq0wb8nQ9S1CNyVqQgAyMQ0qRiDvrI2aOAVGkOE8F%2BzaLo3YojXuQJMvdaZ%2BI%2Fy%2F0X8gFBBhr6rnnTk5Nq2rLW2ZHIRiMT7goZ%2FbA3ijIyxyTNOpvF5JKAAUscSxRXpjrModG8ApvyDh2g%2Bv61QB9KPcVZ%2FKrjPa0MWs5Dn6qQYyRzCtJowbSpMOptZadLXJQ7%2B%2B64EKB%2FCwjrIJoRho4XoysiikCT6LGJBRVNoil6FEk5au9EgMH2%2BGqkg2ltrDWrhHEcp0p%2F%2FKKziu53PdNvSfrxHnUzpP8My1NNB2lHqTXJLKRU1TePst4YBGcwOy1Vhq%2FH77x9Zlr1IFzyuow%3D%3D&nvMid=29030367587&catId=50001519
Apple 아이폰 13 프로 맥스 512GB [자급제],"최저1,839,990원판매처 56",https://cr.shopping.naver.com/adcr.nhn?x=I3HOBH%2BJFse2vZ%2BJUJ6j0%2F%2F%2F%2Fw%3D%3DscKW1j8f6SPhCNCJJWmiUoACpqn1Ih0nlWFxdl%2FCVg%2FAXfmlaZeQqomjdtI9e3qsmjlaEvVZjkneE9RhmJHQtTkIPABQtJoWRBe45NM0Ybvm62tupym7FzNa7hTKvJu6zc88%2FdECjPgotJW6uN4igUcOmY27ZGze0Q%2BtXRlM4OxtFSICBvI1ATDFN58yC%2Fe2xYSHp2S1GkS73kj4A5qHBVcdAmfSN83ChOoIPfneWzCavS7fnn7TEzbGYEdK0StlzMilCoMBaAU6UQyrKDO4egCXeuR%2FfUTgmpgJUzLFhmQcHs%2F2PHkpmvWjL2qy1nHubaYGr3lNdPqTOkOxshLMHqDgQdQom97u3xBM18fBIarJXfqiCwBtPYYwEdSt6i2JAd%2FDEuCS2Zrll9y4OS8eJPfkwYDk9tHsvw%2B%2F64PPynPYEc05LTibBt%2FawtKKLwCqnk6qjg%2F%2B%2B1yHbR7Om%2F12%2BtPMmdV%2BWYcrALJnSJrnuEqp1I8EDCh5n2RBrPUf%2BYM4BX8a%2FHvPOPEuDd1Ce%2FzZYNR4mh6zP1pBrKgS16QamSA4hlFkSXgnhIsfA2gifraIjMCx0oZ8VPc5NxzlDo0F4fX20LIzQ3YiG2wYs1S54ZPcDfkLIyuldBS3f8m8e6nLmzUhNzs2VE%2B%2Bisqs3JAEppg%3D%3D&nvMid=29029192586&catId=50001519
Apple 아이폰 13 512GB [자급제],"최저1,368,200원판매처 75",https://cr.shopping.naver.com/adcr.nhn?x=sqmuCb7mvBVg%2FZEfT%2FgCEv%2F%2F%2Fw%3D%3DspQFqR1lQFYkcB4KJCYr11tsY785PqM0CI76GfEeWQ8tWQE1WikGGRjsm7ORTamZ7DbsHFE8IfZNgyC%2F5gqHCtNEdMyc6M3qabj%2BayDsnnd3Yn%2FrRQZYKNb8zB98gGSI%2BzQUdXn%2F82ceExvO9at5nuEPg%2F6PYJW9LpCSumzPJoiiI9aZyW4hhCgmcrsQhWGWGqtvtxFCaSmTZmhdr9drUvvKAXVfyDB1yTbVYYpYzcFnUHxlEatbmVq7jmztE%2FywswdfFMO%2BxXezgqseC3o6G0676rPu4k551xe4F%2BhBNdiwQhkkHXK4%2FmSRy5icYE%2F27dIBakKSC%2FecSFSX2ad%2FaS9FhbdyDMO1k8fyxz65Iws1kIptLkhleORsoGb3BUK6Qk7A%2FO6d9%2F96zm7%2FMwASq2VyXDUXif%2Fv5kcb7l%2F7J%2Be5KsaK6szvgRo5X5XC1HnWyc2LvbLmb0piWIbzV6Bm0kwnrPi2U4bJlb1h8%2Fb7weIijriJ8H0NV5nx9%2BVr0aUV2F8xo2tWvvscSk%2FUShF2AzWSqUwyB6IcVjbW5dW3G%2BsQSzxwVRNV%2FYRemZK5z1sCEOj07Qi5wyc7Iz1vwvrFY5ztUjdwj3CIYKOP3qn0mzVcdHI8FZtQVGFZJxOyBDKc%2B&nvMid=29030496586&catId=50001519
Apple 아이폰 13 프로 1TB [자급제],"최저1,830,000원판매처 52",https://cr.shopping.naver.com/adcr.nhn?x=aL1s8i7VTkda6YdrttYuyP%2F%2F%2Fw%3D%3DsWRUrMdiW7DdOXcr9rx0KHuFspVPYqX0t88YZymX8XhRhJz9H0Ub4KLvuVTVtNMxMzbp8R2Q7cLfVt1hgy39ROaEFNgc0nnsQjHRT8mTwVEDEUnz2ntRl4SK1Lw2AfQKn1zNSVtGKZm9bKz4z5xMRhci30QtKP1mA7BYZPpxeJLexWvZfe2todmJfmpbNrXnqM3WLqq0EN7lRPuVNhhc%2BTLix7jXt7MNVc9AIu4EfDZlNEwRr%2B3STfYHGn%2FB5b3e47fE434US7C%2BnvBI7CTqdFPh%2FvU%2BCgGcOdTxpNA4a0f%2Bk6v2w9jBqMGR4TTsgYaQnlII%2ByYYqWVu3SSXxcjEJdHzW9G2UoKe3Ol7KA9At5LVQvCL0vjT7BDyew%2BppTYv%2B42C%2Fc7qRTevQOFdP2Clgn3euZd20RkZlVtr89j1pdp9LXcv9Az4Jm6rquko58j6DsqLykQuGh01ylIDtEDoqxmH4CfoiSfkf%2FJjTvgl3qv0i5HSrzhhCOMWuXdZxvGXvk9L6rt0SOVsUsc5EylGdldYceKC074McmFDsDLDjabOhYZ%2FhI%2FkN84je6k%2F%2BbfyXmnn%2Fy8SE0yuNWGETg9CWXKOxhyp4qgiz%2BnGSOiTg6xLke%2FVP%2BgM94BPZkP5YJ%2Bex&nvMid=29029192588&catId=50001519
Apple 아이폰 13 프로 맥스 1TB [자급제],"최저2,020,000원판매처 53",https://cr.shopping.naver.com/adcr.nhn?x=SCDtgP3wt84PZFYg1wFTa%2F%2F%2F%2Fw%3D%3DsgvFXDSJDQQ1hvi7Sl%2BQpCQkuqmZwLEA1NJZBiFaAS5hhJz9H0Ub4KLvuVTVtNMxM%2BDWb%2FChGD862Qpr4wejr4qEFNgc0nnsQjHRT8mTwVEDEUnz2ntRl4SK1Lw2AfQKn1zNSVtGKZm9bKz4z5xMRhci30QtKP1mA7BYZPpxeJLexWvZfe2todmJfmpbNrXnqArgGaDBKbEfnwAwTC02FZ7ix7jXt7MNVc9AIu4EfDZlNEwRr%2B3STfYHGn%2FB5b3e47fE434US7C%2BnvBI7CTqdFPh%2FvU%2BCgGcOdTxpNA4a0f%2Bk6v2w9jBqMGR4TTsgYaQnlII%2ByYYqWVu3SSXxcjEJdHNPzdCQs3HlXQCmkyXst6pQvCL0vjT7BDyew%2BppTYv%2B42C%2Fc7qRTevQOFdP2Clgn7WsHgeVPOMnBLE8jgDkokBLXcv9Az4Jm6rquko58j6DsqLykQuGh01ylIDtEDoqxgd%2BG16etLspUe2HE9zONyc%2FPj2tyPie5WFGVZwWrShn8jR8gVF8FlQ9pItE8Zzc8m4R%2FcBAJaFMCiqTX1P5SqyM6kHuMx7VWp8Ro%2BmEybf7jr%2Fvhuz%2FM2bOeEg7k3nONSGqSc1wnxayq70h2qDhq2KBAI%2F9sQRO2Am9a%2BRTB%2Fq9QdAiJdwXirBRdnaxfvrBbw%3D%3D&nvMid=29029192590&catId=50001519
Apple 아이폰 13 프로 256GB [LG U+],"최저819,930원판매처 15",https://cr.shopping.naver.com/adcr.nhn?x=jkZtgV1KkV4tm60RNugTg%2F%2F%2F%2Fw%3D%3DsWMGxx2S1%2B%2B0HCngckSWWslFdrQ8kJMaqShlmxB5vJp5WQE1WikGGRjsm7ORTamZ7oDmY%2Fqu80q%2B3A7vQXpQmZtEdMyc6M3qabj%2BayDsnnd3Yn%2FrRQZYKNb8zB98gGSI%2BzQUdXn%2F82ceExvO9at5nuEPg%2F6PYJW9LpCSumzPJoiiI9aZyW4hhCgmcrsQhWGWG1qpTT70Ggsw7BdaCH1Z5mvKAXVfyDB1yTbVYYpYzcFnUHxlEatbmVq7jmztE%2FywswdfFMO%2BxXezgqseC3o6G0676rPu4k551xe4F%2BhBNdiwQhkkHXK4%2FmSRy5icYE%2F27BW36r4QZshREfg%2B3vq7RNl0YlennXDCmAO%2FTn5Spy4NkIptLkhleORsoGb3BUK6QdpNigRczOXpJrKZuD6kaG2dnbrsMNip6akvn7%2FRx669KsaK6szvgRo5X5XC1HnWyJWkKsSeQuaZ%2FlYk3rKhKIA0CYUgjhcXtTlLCaoz0q6maU9qNqKx0Qc11MwuBOlFmFUGuMYzpkFC5EDWgDPyQkMLQJhoizdz%2FMqNtJ7cfS89icchwRNwmJ84TyxvjggzFASNwTkSjcj%2Fd7ptyvvyibGhgk9CNELG0PBm8Nhm7UtkOEsHC78VBLnFZh%2FnDobeN&nvMid=29030415586&catId=50000248
Apple 아이폰 13 미니 256GB [LG U+],"최저137,880원판매처 13",https://cr.shopping.naver.com/adcr.nhn?x=%2B%2FF8miLSkGawQkSx5rG5P%2F%2F%2F%2Fw%3D%3Ds6XGtV0KWlSCn4066jh9S8I3mH0KOD4jhJMiKarmtxBRhJz9H0Ub4KLvuVTVtNMxM4DzbNp5B0jNynqdGqiZxMqEFNgc0nnsQjHRT8mTwVEDEUnz2ntRl4SK1Lw2AfQKn1zNSVtGKZm9bKz4z5xMRhci30QtKP1mA7BYZPpxeJLexWvZfe2todmJfmpbNrXnq7r8%2BMjx%2B1KQXJkem2XwtE7ix7jXt7MNVc9AIu4EfDZlNEwRr%2B3STfYHGn%2FB5b3e47fE434US7C%2BnvBI7CTqdFPh%2FvU%2BCgGcOdTxpNA4a0f%2Bk6v2w9jBqMGR4TTsgYaQnlII%2ByYYqWVu3SSXxcjEJdEt1CMaV1iMT5Lx%2B7hS%2BnEhQvCL0vjT7BDyew%2BppTYv%2Bf7tEsR%2FQiiXKDPGKE8P4jL%2FqeYdoOS8S%2B57F%2BDi14MVLXcv9Az4Jm6rquko58j6DsqLykQuGh01ylIDtEDoqxqDKRyWzRbWfsIBl5SPfQ8wZyVXP8MBx51PcdtMFtsvBK2ud1b%2BfZwYPU0n%2BzLfOdYxX3ZwlazyZPzN8EjD5UqutqaMHAJkj0DAJXiYJNZCZINK%2FB0lk1v5owyGMq2tZlNUZ4Ag%2FwkE%2BWCxG1dykdkdoaKZHilHbuauHUigNM5KA&nvMid=29030376589&catId=50000248
Apple 아이폰 13 미니 128GB [LG U+],"최저88,240원판매처 15",https://cr.shopping.naver.com/adcr.nhn?x=hD1Vif9Ejzju1N8FRYcj6P%2F%2F%2Fw%3D%3Ds36aokhpwDHcKlRCrcNRgd59Wo0tz2ROQu2ntOunKwYwbsBKbbjTB%2BBCjsLv6tz%2BjPGYcIApV96O%2BCrg02a2bL4%2BiVat6Qagz8X1xR3I1IRQ1LiHWansbkib90TNJ0FSewfJeq6uBbD7pL%2FrSyQ2rBEgAn8lD2%2BxrgblrBqYwPdWug%2B9sjA7rHdeMLkY%2BwIMU7xzpl%2BlOYhq%2F8o1%2FuLVZdjQZD6UDT51Dg8nNb9lI8fV%2BFLPJmN7kd5F0maTGsL0cGDFZlUMhE9CKhSuCW3eWSWLG%2FWj8A2bN0dBnPGljdGS54J8UO7LDGXdPU9Do8oyMXmq0wb8nQ9S1CNyVqQgAyEBR5d2p1VP3K%2BnWlq%2FHBAizaLo3YojXuQJMvdaZ%2BI%2FyLqWgWd0hjfnomE3vy2MrU01Y1ec23%2BN58O6XVydqfq2xyTNOpvF5JKAAUscSxRXpjrModG8ApvyDh2g%2Bv61QB9f04SLzEOLuWyApwkiBtsH%2FzaVgfXndF2fkBs0qzZTvfpF8bfclcJjAeddKIqLqoMF4CJShuxUPRpom5L1kyArvW2q1ZBpuV%2F%2FvtKUgTGHnnMvfhOcQP71X1khQ2LhztxALwJ5jKCAJx8BAlm41R8HHICEQpPL7Rm%2B2fyhjEhHR&nvMid=29030431586&catId=50000248
Apple 아이폰 13 프로 맥스 256GB [LG U+],"최저935,180원판매처 17",https://cr.shopping.naver.com/adcr.nhn?x=Wj353KXJS%2BAsRcIHi2cj8v%2F%2F%2Fw%3D%3DsVjoWA8noCUzzDZpitknAmjxNSK0g8O61Y4HVyMBpbWEXfmlaZeQqomjdtI9e3qsmNjXC0P1mQ0n8Fu%2FT0LH0sUIPABQtJoWRBe45NM0Ybvm62tupym7FzNa7hTKvJu6zc88%2FdECjPgotJW6uN4igUcOmY27ZGze0Q%2BtXRlM4OxtFSICBvI1ATDFN58yC%2Fe2xqSFFtGqZ4SO%2FZCdEAQNyVMdAmfSN83ChOoIPfneWzCavS7fnn7TEzbGYEdK0StlzMilCoMBaAU6UQyrKDO4egCXeuR%2FfUTgmpgJUzLFhmQcHs%2F2PHkpmvWjL2qy1nHubKrXkeU1ZUbdUz84XbG1eZwI6TZW5Yshq9BkJft3T7j1XfqiCwBtPYYwEdSt6i2JAQEJwufU6UXh2ozJpaN7c9YKRWQRoKUYseJSMX4ors%2BUEc05LTibBt%2FawtKKLwCqnk6qjg%2F%2B%2B1yHbR7Om%2F12%2BtAm3dAkP%2Fn0VvyxjRZxDM5AHyKwMIinsXLRIwPAEQA4X2UjohpK7sZyY83SOIj%2FwoAY3yVuCxeAH6S5zVBb8L%2BFPwCXFJiRdosf3os3K%2FWn1uRqfIuy83d6TxolrRKBCL%2BuG6cg8SfDkmaPLhUvJJHvNjqh%2FZemCCOboDhnweAmG&nvMid=29030190586&catId=50000248
Apple 아이폰 13 프로 128GB [LG U+],"최저715,910원판매처 13",https://cr.shopping.naver.com/adcr.nhn?x=dv8KtUuFEOTFiauqsCVIp%2F%2F%2F%2Fw%3D%3Dsz0Te6pRQJP3yBkQSsp%2BUL8%2Bf%2B53JpkBxmD6iVz5UKGlWQE1WikGGRjsm7ORTamZ7xNWlUxTLMCHoiy2%2F5h3mVdEdMyc6M3qabj%2BayDsnnd3Yn%2FrRQZYKNb8zB98gGSI%2BzQUdXn%2F82ceExvO9at5nuEPg%2F6PYJW9LpCSumzPJoiiI9aZyW4hhCgmcrsQhWGWGApy8PrPjYBxKiSuGBOs3i%2FKAXVfyDB1yTbVYYpYzcFnUHxlEatbmVq7jmztE%2FywswdfFMO%2BxXezgqseC3o6G0676rPu4k551xe4F%2BhBNdiwQhkkHXK4%2FmSRy5icYE%2F27ZC%2BSXUxwyLUckntucAABtSJ9MrHOH7%2Bgq%2FgC0KnB10ZkIptLkhleORsoGb3BUK6QdpNigRczOXpJrKZuD6kaGweImCympJK8f%2FEvFmK%2BTQ5KsaK6szvgRo5X5XC1HnWyJWkKsSeQuaZ%2FlYk3rKhKIN%2BNMJrK36DZubaJEERMu6WaU9qNqKx0Qc11MwuBOlFmGOrT%2Fp1vUjNFLW%2B3Uk0qi9ghl%2Fjj3Z0V2vRyReCzOpticchwRNwmJ84TyxvjggzFUCxN9WoR3Y9OOkRO6F0WOYlDHME%2Bn8ahzt6uNlgf0SsOEsHC78VBLnFZh%2FnDobeN&nvMid=29030175590&catId=50000248
Apple 아이폰 13 128GB [LG U+],"최저148,180원판매처 15",https://cr.shopping.naver.com/adcr.nhn?x=VSAG%2FS%2BqTBPIHGqvk7B8Cv%2F%2F%2Fw%3D%3DsByZXEeQ36i5vYCGSjXWMUHkvdDhRexm%2Fn07ljT6mdthhJz9H0Ub4KLvuVTVtNMxMDqFxo2NzStmDUEo%2F%2FL6Fy6EFNgc0nnsQjHRT8mTwVEDEUnz2ntRl4SK1Lw2AfQKn1zNSVtGKZm9bKz4z5xMRhci30QtKP1mA7BYZPpxeJLexWvZfe2todmJfmpbNrXnqYKFZZuluUMYgcwBfGEHeObix7jXt7MNVc9AIu4EfDZlNEwRr%2B3STfYHGn%2FB5b3e47fE434US7C%2BnvBI7CTqdFPh%2FvU%2BCgGcOdTxpNA4a0f%2Bk6v2w9jBqMGR4TTsgYaQnlII%2ByYYqWVu3SSXxcjEJdBYyZWrzP2UUWNqMWE4FtCdQvCL0vjT7BDyew%2BppTYv%2Bf7tEsR%2FQiiXKDPGKE8P4jC3iI41acw8YbdaZPOPdjr5LXcv9Az4Jm6rquko58j6DsqLykQuGh01ylIDtEDoqxokIwakjXXQ7BCSNC4IBYYDyNHyBUXwWVD2ki0TxnNzydCWLDMPLnMJf0FHAMveJx5z%2FzKwsfOEYE6PNyGqQbJ76C0XXk8ySaOQ0OaLzzIxFW7Fqru5CM%2BZXV%2Faq5mX9tfRRs2Tl2LVXyNQxua0eKL8GruH08DlKshetxY8KUEZb&nvMid=29030372586&catId=50000248
Apple 아이폰 13 미니 512GB [LG U+],"최저448,980원판매처 6",https://cr.shopping.naver.com/adcr.nhn?x=3brk05DaUVXnDuEyF5C7ov%2F%2F%2Fw%3D%3DsQK%2BcHP5yEj6XYJb6wh5RZ%2FsjaL5oJSTLexT2TiprBcobsBKbbjTB%2BBCjsLv6tz%2BjF8j%2Br1grfmv%2BMVIJlq0QLjnjHRn6YPXoNGNI1lUtO881LiHWansbkib90TNJ0FSewfJeq6uBbD7pL%2FrSyQ2rBEgAn8lD2%2BxrgblrBqYwPdWug%2B9sjA7rHdeMLkY%2BwIMUYN6xeMDoEaAupbc0zTGDWzQZD6UDT51Dg8nNb9lI8fV%2BFLPJmN7kd5F0maTGsL0cGDFZlUMhE9CKhSuCW3eWSWLG%2FWj8A2bN0dBnPGljdGS54J8UO7LDGXdPU9Do8oyMXmq0wb8nQ9S1CNyVqQgAyCThZAzz%2BSRLyQo4rtc%2BM7mzaLo3YojXuQJMvdaZ%2BI%2FyLqWgWd0hjfnomE3vy2MrU5%2FJ5ckX0Yhr5doMgrI1uG2xyTNOpvF5JKAAUscSxRXpjrModG8ApvyDh2g%2Bv61QBxc4Kvpygo5zVB8uYEvhv97%2FzaVgfXndF2fkBs0qzZTvfpF8bfclcJjAeddKIqLqoAzu2GUvlbC4oJ5Xnw%2F6vsPPNAh2mT7p%2BaudROVdlkzME6xlxRKxvQ7OEQ07Ymy1avhrkepr7Dj2ZcVHMHRY%2Fpfke%2FVP%2BgM94BPZkP5YJ%2Bex&nvMid=29030419586&catId=50000248
Apple 아이폰 13 256GB [LG U+],"최저272,180원판매처 15",https://cr.shopping.naver.com/adcr.nhn?x=481PS8EhkjxRlBmkTzrqav%2F%2F%2Fw%3D%3Ds%2FKN5QMUaOjkGoAUqTH9fok7u%2FyvnkSqknLcfFQnqEUcbsBKbbjTB%2BBCjsLv6tz%2BjQPbchVLhmiUTYQ74WqlCR617xVP6VMTeGXRi56PuviQ1LiHWansbkib90TNJ0FSewfJeq6uBbD7pL%2FrSyQ2rBEgAn8lD2%2BxrgblrBqYwPdWug%2B9sjA7rHdeMLkY%2BwIMUOYQbPHRk7gx3HlPTUxI7DDQZD6UDT51Dg8nNb9lI8fV%2BFLPJmN7kd5F0maTGsL0cGDFZlUMhE9CKhSuCW3eWSWLG%2FWj8A2bN0dBnPGljdGS54J8UO7LDGXdPU9Do8oyMXmq0wb8nQ9S1CNyVqQgAyNwN4woqxnzlJGyHVSIvMoCzaLo3YojXuQJMvdaZ%2BI%2FyLqWgWd0hjfnomE3vy2MrUwDrOr6RiUPcK5NmWVnTts%2BxyTNOpvF5JKAAUscSxRXpjrModG8ApvyDh2g%2Bv61QB5mjNbC1exiB7P4f4RdErd2hzDfp6Y5Zq42WobtISlGzSxn8Wh%2F0W%2BjhD71xZIxTFTxKT9%2Fn6R1xvlsRgDz50bMRpOFzCbaM6OU97uoPifjrEbPXt5ec7JlZ8jhECaXVLbf4nWdkj8Nw6d4AS%2BdBtbWCqA6%2BrrPkSkQjk3bFq%2FUy&nvMid=29030189588&catId=50000248
Apple 아이폰 13 프로 맥스 128GB [LG U+],"최저813,180원판매처 16",https://cr.shopping.naver.com/adcr.nhn?x=GfmIO8MDk5kl9%2BX7l5%2FOVP%2F%2F%2Fw%3D%3DsanhS7GKajqs750RA86sGf1EFMMhoX4MRZBAd6lHbCyphJz9H0Ub4KLvuVTVtNMxMkpXj3fgdAB4kRM2d0HsyyaEFNgc0nnsQjHRT8mTwVEDEUnz2ntRl4SK1Lw2AfQKn1zNSVtGKZm9bKz4z5xMRhci30QtKP1mA7BYZPpxeJLexWvZfe2todmJfmpbNrXnqW6RWFOvR2FN0g9uRh450ELix7jXt7MNVc9AIu4EfDZlNEwRr%2B3STfYHGn%2FB5b3e47fE434US7C%2BnvBI7CTqdFPh%2FvU%2BCgGcOdTxpNA4a0f%2Bk6v2w9jBqMGR4TTsgYaQnlII%2ByYYqWVu3SSXxcjEJdBNLFHqCdgzsmYLCqlKPb85QvCL0vjT7BDyew%2BppTYv%2Bf7tEsR%2FQiiXKDPGKE8P4jCqxQi9Ok9v%2BliotU1YfzlxLXcv9Az4Jm6rquko58j6DsqLykQuGh01ylIDtEDoqxgd%2BG16etLspUe2HE9zONyfCBGxurbAkIg2Bbwb5QzVdXGfKYExq7uG4FGIUYcPNsTr31%2BI7mNDc2EolvqGmL9BMwJemWW9GMLVZ0tD6NJtMj%2FaM5nVf1rOXk0fVU4woW72vsrVJDZACX3eDZUBs7xFvU2Y6hEEwGxc1AZfON9sL4VRAH%2BsMDObarUodGweR8Q%3D%3D&nvMid=29030352586&catId=50000248
Apple 아이폰 13 프로 512GB [LG U+],"최저988,980원판매처 7",https://cr.shopping.naver.com/adcr.nhn?x=sDVqWSFQ4wA%2BJQ%2Bbt%2By4VP%2F%2F%2Fw%3D%3DsJp9z3QKcmkzr31O7tBvOesgHVSN6BX05zAcuETeYbRthJz9H0Ub4KLvuVTVtNMxM5OVGO5Fviked8SEf8ZHdKKEFNgc0nnsQjHRT8mTwVEDEUnz2ntRl4SK1Lw2AfQKn1zNSVtGKZm9bKz4z5xMRhci30QtKP1mA7BYZPpxeJLexWvZfe2todmJfmpbNrXnqIsGCGgJXjOrApw75v82D8rix7jXt7MNVc9AIu4EfDZlNEwRr%2B3STfYHGn%2FB5b3e47fE434US7C%2BnvBI7CTqdFPh%2FvU%2BCgGcOdTxpNA4a0f%2Bk6v2w9jBqMGR4TTsgYaQnlII%2ByYYqWVu3SSXxcjEJdI9O9dwMu5kpE6MYJe%2Beif5QvCL0vjT7BDyew%2BppTYv%2Bf7tEsR%2FQiiXKDPGKE8P4jDKhUPO2KmfQ8Gq0n9rEwoJLXcv9Az4Jm6rquko58j6DsqLykQuGh01ylIDtEDoqxu%2FBhiEDQomJlLw1tRUWHW8ZyVXP8MBx51PcdtMFtsvBK2ud1b%2BfZwYPU0n%2BzLfOdVYEnXOrH6MZJL4%2BfvliYR2tqaMHAJkj0DAJXiYJNZCZnekDnZNGRJyFus6YjXMTFLXcQDPUdqVTL4X9Gl5uLFpoaKZHilHbuauHUigNM5KA&nvMid=29030295586&catId=50000248
Apple 아이폰 13 프로 맥스 512GB [LG U+],"최저1,259,180원판매처 6",https://cr.shopping.naver.com/adcr.nhn?x=1eKjlfMQO6peNRyCPe3n2P%2F%2F%2Fw%3D%3Ds3H1Srqwo%2BzY4jLUxCoKx5lm9IwPA47E6a5IEZUpBW%2BAbsBKbbjTB%2BBCjsLv6tz%2Bjc%2Br%2ByD8T%2BtDJcSiHwb8VKN%2FLq9kxYTBMDi%2BOMgh4GUU1LiHWansbkib90TNJ0FSewfJeq6uBbD7pL%2FrSyQ2rBEgAn8lD2%2BxrgblrBqYwPdWug%2B9sjA7rHdeMLkY%2BwIMUeLonWMPrGi0RSJvZfvKEXzQZD6UDT51Dg8nNb9lI8fV%2BFLPJmN7kd5F0maTGsL0cGDFZlUMhE9CKhSuCW3eWSWLG%2FWj8A2bN0dBnPGljdGS54J8UO7LDGXdPU9Do8oyMXmq0wb8nQ9S1CNyVqQgAyEpGnQMDawkctonLmxNk5E2zaLo3YojXuQJMvdaZ%2BI%2FyLqWgWd0hjfnomE3vy2MrU1aAA9GEK3cx5mWoXN9vaRWxyTNOpvF5JKAAUscSxRXpjrModG8ApvyDh2g%2Bv61QB9KPcVZ%2FKrjPa0MWs5Dn6qQShByR6lx4fZu6dlciio5Ho64ifB9DVeZ8ffla9GlFdiLk77kdC0XH1c6tkDsTmCXK%2BbbYN8Q9wm3R6pmqSRDGEs8cFUTVf2EXpmSuc9bAhD9hPDp4uPwJ8xw06Cov3IVnrVYs9Z49LNJcl4hckNljHRyPBWbUFRhWScTsgQynPg%3D%3D&nvMid=29030181590&catId=50000248
Apple 아이폰 13 512GB [LG U+],"최저558,180원판매처 7",https://cr.shopping.naver.com/adcr.nhn?x=vfv5%2FM21WFRCY8wb4K734v%2F%2F%2Fw%3D%3Ds5ZOkMeHssZ1PZ%2FQudBYrSBeddPDX%2BffhqEiSGmmvRp9hJz9H0Ub4KLvuVTVtNMxMwofLBS5MUIGggqCn0u%2Fu5aEFNgc0nnsQjHRT8mTwVEDEUnz2ntRl4SK1Lw2AfQKn1zNSVtGKZm9bKz4z5xMRhci30QtKP1mA7BYZPpxeJLexWvZfe2todmJfmpbNrXnqJg934XoEkbAciqCMIan0C7ix7jXt7MNVc9AIu4EfDZlNEwRr%2B3STfYHGn%2FB5b3e47fE434US7C%2BnvBI7CTqdFPh%2FvU%2BCgGcOdTxpNA4a0f%2Bk6v2w9jBqMGR4TTsgYaQnlII%2ByYYqWVu3SSXxcjEJdDUvQy50gP6hUuLotcju2n9QvCL0vjT7BDyew%2BppTYv%2Bf7tEsR%2FQiiXKDPGKE8P4jHpien7ZUKb4UiYs1vzaa5pLXcv9Az4Jm6rquko58j6DsqLykQuGh01ylIDtEDoqxqR%2BV7F7j3nYhuEbefUrVJDyNHyBUXwWVD2ki0TxnNzydoi53IcxRWafbwKAUvW2yvwjqMT2ZeeWKPf6%2F9R8nX36C0XXk8ySaOQ0OaLzzIxF0D7HVnH3dOqSnOziKmuEtPRRs2Tl2LVXyNQxua0eKL8GruH08DlKshetxY8KUEZb&nvMid=29030296586&catId=50000248
Apple 아이폰 13 프로 맥스 1TB [LG U+],"최저1,535,180원판매처 7",https://cr.shopping.naver.com/adcr.nhn?x=PWpCqm17l9W%2F32%2BjOOwXLf%2F%2F%2Fw%3D%3Ds2xRaPDQAPLMZoyVLEtyC9qob346F4%2FYiDAkI%2FOjnnhphJz9H0Ub4KLvuVTVtNMxMcmuHmLoKcnpnnD4JfLuIzaEFNgc0nnsQjHRT8mTwVEDEUnz2ntRl4SK1Lw2AfQKn1zNSVtGKZm9bKz4z5xMRhci30QtKP1mA7BYZPpxeJLexWvZfe2todmJfmpbNrXnqtEOmvpx%2BMqvJh%2Birm3Rmqrix7jXt7MNVc9AIu4EfDZlNEwRr%2B3STfYHGn%2FB5b3e47fE434US7C%2BnvBI7CTqdFPh%2FvU%2BCgGcOdTxpNA4a0f%2Bk6v2w9jBqMGR4TTsgYaQnlII%2ByYYqWVu3SSXxcjEJdESH7YSqDZhlgSQbB%2FX%2F8llQvCL0vjT7BDyew%2BppTYv%2Bf7tEsR%2FQiiXKDPGKE8P4jPAFjn%2FUHBDbownRDGmc7QVLXcv9Az4Jm6rquko58j6DsqLykQuGh01ylIDtEDoqxgd%2BG16etLspUe2HE9zONyfB%2FDJCOEMt67pAoo8Ur8ApQbJE2qH6sAOiEA%2FCWTmW%2B3K7PTpo34UfsQ575Qt8pVTtdm0zCdrNSQGJU8UJxCXn1W%2BfrCsViFxcA2Q%2B8AdjW8KzaGGqEUeVbUI1u10Je1EDfkLIyuldBS3f8m8e6nLmzUhNzs2VE%2B%2Bisqs3JAEppg%3D%3D&nvMid=29030181587&catId=50000248
Apple 아이폰 13 프로 1TB [LG U+],"최저1,299,000원판매처 4",https://cr.shopping.naver.com/adcr.nhn?x=BJvOhluQOz009gSIliPUTv%2F%2F%2Fw%3D%3Ds0NNfR03jM%2FmwIdOiKdCNhN2rRxdy7Aq%2FO6DoF%2BlP7e9WQE1WikGGRjsm7ORTamZ7nNjCsPD86VFFqKE5vl%2FXnNEdMyc6M3qabj%2BayDsnnd3Yn%2FrRQZYKNb8zB98gGSI%2BzQUdXn%2F82ceExvO9at5nuEPg%2F6PYJW9LpCSumzPJoiiI9aZyW4hhCgmcrsQhWGWGSTPU5ABzv3XWI4RtHnUCp%2FKAXVfyDB1yTbVYYpYzcFnUHxlEatbmVq7jmztE%2FywswdfFMO%2BxXezgqseC3o6G0676rPu4k551xe4F%2BhBNdiwQhkkHXK4%2FmSRy5icYE%2F2772e3MtFfv9yQbDbLFwar4%2Blf4eEJDZtVW%2B%2B3N8jos0ZkIptLkhleORsoGb3BUK6QdpNigRczOXpJrKZuD6kaG0%2Bh%2FDLKzZCAz5qbu2OwBXdKsaK6szvgRo5X5XC1HnWyJWkKsSeQuaZ%2FlYk3rKhKIPJ%2BRbqCskNG2aRCaorIKBGE4FQdvRmo7oxOSvwywmch%2F8tLrOj70AQAoeQDchE8zjdKrQMU82U4apFB7wucFM4RpOFzCbaM6OU97uoPifjr7pHWPuVdh6qoW1YarAta%2FFNMQyoj4LgKCmsiBOoap7KCqA6%2BrrPkSkQjk3bFq%2FUy&nvMid=29030294586&catId=50000248
Apple 아이폰 13 mini 자급제 128GB 핑크,"922,830원",https://cr.shopping.naver.com/adcr.nhn?x=WL3Hg7MLTXtjzt2sH7bTU%2F%2F%2F%2Fw%3D%3DsbU32cdsaUY5gfs0x%2FBr3Si2Dsxu14tdPxXuL1nGpA9BhJz9H0Ub4KLvuVTVtNMxMepEOxIbSkAnC10bAbJqIRaEFNgc0nnsQjHRT8mTwVEDEUnz2ntRl4SK1Lw2AfQKn1zNSVtGKZm9bKz4z5xMRhW3JzeXxkSdTecfUR4%2FvRQjd%2BKwjnmE8nmku4yNhWgwhmfLAARyRl0caaiEG3Q2bq3l3njUb1NGDJ1K332mMmYDQ%2BMQn9cirmRmZVqDKkTcUqqe08lTgUbivINHQrFwjt9ci8KTL%2BNmOPw%2BJRE9g%2FOSiublBLPqjBpyMr35wpQywx0PRiMIRz1waDemndzMV7W5dKuvMYpHDRF6dJ6wT8hBr6kdrp7BvT8OlwZ7P37YyZp%2FuhVWf5tMOyu5R2EADu6MT%2F%2FGleCUGKPvpOmRNzRSswzOwDYz%2F8g2%2FEftKomTp42C%2Fc7qRTevQOFdP2ClgnzPcIbtFLXCt5BaP8B2Me%2F%2FXdwMZv%2BsjaOq%2FaIlKn6P2SgFtqsig3hkEE1dtRdEurP6gZEjWnxjaqzxxrMvaly9wXJ9ODnQySqTAeM7EIG8qBkPYMPTgQmM8WFVNjU1jhbHlbX%2BFl5rifCOtAhscpXHmELFO07QEQYUyi%2Bk709RTokwfJ8fGMsy0OfdzOQK01oWaQcEPKfQQvG2l8Ru71T9vU2Y6hEEwGxc1AZfON9sL4VRAH%2BsMDObarUodGweR8Q%3D%3D&nvMid=29619937553&catId=50001519
APLLE 아이폰13 미니 128GB 미개통 미개봉 새상품,"696,210원",https://cr.shopping.naver.com/adcr.nhn?x=3%2FZxEoSCFQca24lY41r2zv%2F%2F%2Fw%3D%3Ds3G1myPzmkKZ7T6doMmlrJMrHz3Ff%2FrIRrnwA9iQrgNYbsBKbbjTB%2BBCjsLv6tz%2BjeUShoKFseLec%2FmQriHuvsQtFUOnoViajfAxPhfzYu0M1LiHWansbkib90TNJ0FSegvIH9zfIrXfLZQbPEVo0bS8ffQLw1x%2F8Lf5s6Y8TBIHXkj%2BZW%2F1lJfgqvRvZaBhRdryen3P8FBBy9he%2BojQCSCFwI%2FOBEajCHfdJmHUdjxYNmNRAJGmXa0LcAuQ%2F4yPqbl0q68xikcNEXp0nrBPyEGvqR2unsG9Pw6XBns%2FftjJmn%2B6FVZ%2Fm0w7K7lHYQAO7UWv%2BMFTNBI8myZEmHYV8%2FMe9j9TM33g7MivnAbc9%2BIA7VP1U4GyYiTLxkdR9GlRqqTajMczE3bSMn%2Fh%2Bx%2FwKgbgPb8UMhj4f0DA7xtFqee6gUm1RdNanJXbiYgU8s4G%2F%2FDGUdR%2FG69nRDZZEiNzRCVmtLq7ZOhs9YwDz5qtKg7kdoQdD7z4VTZnGHOZl9gKW5Vb%2BKNBGXtE%2Fq%2F2qHpDqNLTMvIz9F123sc9dLGqJwO2GAv2xA9xguVkCJJpofd3uIm4o3ovdD7C8q630ldEPyNYzcFr%2F4pU7S12J0UJ5Jw2CqA6%2BrrPkSkQjk3bFq%2FUy&nvMid=32358692890&catId=50001519
아이폰 13 pro max 256G 자급제 미개통 새상품,"1,357,620원",https://cr.shopping.naver.com/adcr.nhn?x=1E3%2FWe4JBtnJYnZKgTBaA%2F%2F%2F%2Fw%3D%3DsooW1nhojsijo8lmBfgMYn99dcn5d6qBRTxcwF3CTcHJhJz9H0Ub4KLvuVTVtNMxMI2Lh7%2FHiiGbVJrEuZ1KdeaEFNgc0nnsQjHRT8mTwVEDEUnz2ntRl4SK1Lw2AfQKnMF7RerkM32bC%2BCR6cYWzPu0JZ4vKXq2xVuFay0gNbwiO%2FsdgQE5FIA0Tw1QMogpFE9ttwlJObyPvM%2BJzmItrJm6exW4FoLoa8wg6RYCgvMqQkFFATX35TZJgree3CpB75o3kOnLrp9RBY4kgrL5Yn8HPv45Edr5fvvv%2FlTzZa4VEOnKSk6pZmBmpZwGZXBENFQMGt%2FA0M3mKlQpY6eI4Z%2Bp2LdD%2BbxXYDmNHXbecDBnpERFS%2F6qAi8LX3RQoJ2Olvr0cGMa%2B3Xknx9TlSAiKMdGcSpApPFcaQySrpsMMo6ELPw2%2BMuMgvw46W4A1uLL4ru0ge61C%2FJg2HX0VmVuN%2Fjdk7HwwquSv8bjjIy4PGeME1l9eqHIYxA2rReLbiQMetkFHXYnmYYKwDhm81tcezKvtUBvfoSsQPvEM6ZWUZToUN5wIx%2Fwg76WNlfdDrAdwFfWxPFMWMKXcskk4I3WtxAN%2BQsjK6V0FLd%2Fybx7qcubNSE3OzZUT76KyqzckASmm&nvMid=30313697664&catId=50001519
애플 아이폰13미니128GB 자급제 새상품 미개통 미개봉,"643,280원",https://cr.shopping.naver.com/adcr.nhn?x=uocgfV5j4M771JWDmXutH%2F%2F%2F%2Fw%3D%3DsseWqO8RaOHXCRyAHujE8NQ8bAN6xUh0TLDREmEd3Z2lhJz9H0Ub4KLvuVTVtNMxMUIpwZ3VPmckBgEeIvb4uC6EFNgc0nnsQjHRT8mTwVEDEUnz2ntRl4SK1Lw2AfQKnMF7RerkM32bC%2BCR6cYWzPu0JZ4vKXq2xVuFay0gNbwiO%2FsdgQE5FIA0Tw1QMogpFpiElt8t6w%2F%2BeS4x%2BpBZjNnA32O7venJCxtzxN7S0mYyQkFFATX35TZJgree3CpB75o3kOnLrp9RBY4kgrL5Yn8HPv45Edr5fvvv%2FlTzZa4WLjsQwylG3eW2RyFFs3pMzrMOT3qtw7IZhE99m6nx8bup2LdD%2BbxXYDmNHXbecDBkO49f0sAXIS%2FnsWZS%2BZp32q6tC%2BEV0a0mgODoEotQwYe0O7wm%2B67JkV415rrRl2Kk78lggpgHUOsE%2BdP1yIF6ZLyNv%2Fc2MYaLmApnLfC7dsxBWHBvznIjVlF3vY%2FlY%2BWDEY9L4OzMOoKoAJcj3%2BkgyeKwNWqpJkbafoVkhuMZ43sSoMHqYpb1JNq2u0J1EMP4ugiDh5S8n%2B7Rc0MeNuzgdhhZLXVwCtrfn%2F4wcB5mKRvmFzDsiOHZTe3Z2iCK0eOPke%2FVP%2BgM94BPZkP5YJ%2Bex&nvMid=33216634088&catId=50001519
애플 아이폰13프로 256GB A2638-256,"1,039,840원",https://cr.shopping.naver.com/adcr.nhn?x=ffgFDTSrYg7VK0GuvfPqYv%2F%2F%2Fw%3D%3DseNpcolO9i%2FpG60uKZyvgaRSMLIiOiXoga6xVuAFav8cbsBKbbjTB%2BBCjsLv6tz%2BjNFl8qwfn2NCVpDrX8yqKzwtFUOnoViajfAxPhfzYu0M1LiHWansbkib90TNJ0FSegvIH9zfIrXfLZQbPEVo0bS8ffQLw1x%2F8Lf5s6Y8TBIHXkj%2BZW%2F1lJfgqvRvZaBhRHCIQ58%2B4ts6sqrlrCIuI%2F55texYZfVjPo%2BIcF8QC%2F34NmNRAJGmXa0LcAuQ%2F4yPqbl0q68xikcNEXp0nrBPyEGvqR2unsG9Pw6XBns%2FftjJmn%2B6FVZ%2Fm0w7K7lHYQAO70odkf%2Bof4kOxGzAPiM0kPse9j9TM33g7MivnAbc9%2BIA6N%2BvjsqlFOqkJFQD5AAZpDV0xbSODJPxz2b9XDfOtWIqqUq%2FLTjZyCoQ3eg1hlrtamy%2BSc7peQJAhHUk7X6o6EjFJ1niE7wCMab0elPfttKWRfrjtl2OPD36vkxy%2Bn5pyeeUJaHBtBgthF3FUBp3G6MjefsivWclg1FnOiXYZm3vZO1qg15wbxJS9rZLYG4AnBzCTF2XpYClpIsnFmoMtzWjAjLGKrBZ0YPd%2Bviwxd0HQIiXcF4qwUXZ2sX76wW8%3D&nvMid=34056981446&catId=50001519
애플 아이폰13프로맥스 256GB 자급제 미개봉 미개통,"1,374,720원",https://cr.shopping.naver.com/adcr.nhn?x=xLwtNKr1%2Fv%2BTr4vtulKbVP%2F%2F%2Fw%3D%3DsX1C7PCYV6yNUgxERpvpz9yIieiwNNIgNAvnCoWDzTeRhJz9H0Ub4KLvuVTVtNMxMXo6Vr1068cqxItSLRUBqwKEFNgc0nnsQjHRT8mTwVEDEUnz2ntRl4SK1Lw2AfQKn1zNSVtGKZm9bKz4z5xMRhbDXn0IDLBCgN%2FK3%2BGwmqM%2BpFjjh%2FGPU%2BK9K7OXF%2BaHk0eX6N0xSuoVW6n8HgFyAb%2Fv5DL8K7J%2FFhBSu4dYbv%2Bec7dxre2FKDmiXc821rmJXmFvBx3wbskfwt3gk0JmtP%2BaN5Dpy66fUQWOJIKy%2BWJ%2FBz7%2BORHa%2BX777%2F5U82WuFVpr5PihDD5%2BgWcDDizNkCP9dNFZg2Wp0RV%2B9N6FAqahdrU9gBvTOY8XVxGgpGxxddQYaIhirfnLTvyyXG%2F6vqijOWYofKqFwNgdqB%2FP4ykf4aIVrZfEssa%2F5DM9RdTldA7ORmkoQllAZIxV70Uzed5sVisFjmSq2dnYsxL7g3EFg3o4GfMAo9UOO9Mwz0MbGwoHPkbyXoTg4vI%2B7eQNqAN4LHIpnErJZM3B2JQF4mZZ1AZ4uFwUmVrIiJy%2BSe8KnwpHdgqUP2oYCXqBf0e9k7lewxcEKp77Zsh2GmCD%2F0BeuLRfHOpd6Q2NBkk81dsnCVoWd0jB03C5aYq3HUc1IKtSSLJQZncWk8e8Ttfjz6Fs%3D&nvMid=33215245054&catId=50001519
[아이폰] 애플 아이폰13 128GB 자급제 미개봉 새상품,"847,300원",https://cr.shopping.naver.com/adcr.nhn?x=6QnzZNfuDKqOA7jAtkTmI%2F%2F%2F%2Fw%3D%3DsmE8ia0mRr5DR9%2BpnOqM5VMi%2BBq05Kmc%2F2R2M41b3FTQbsBKbbjTB%2BBCjsLv6tz%2Bjf7OftNuVlrbiUdG%2BuvSj7D50KL%2BRAg1ucOl6cZq2teU1LiHWansbkib90TNJ0FSewfJeq6uBbD7pL%2FrSyQ2rBH1tPNb4GsQjVE0lqas1cxB%2F78Xn6bsL07XLvdbbvzc%2FETlgE6IJz9GUWJV7rTP%2B%2Fhq5UnlxndHbU1%2BzGAGaupAIUzWR9DiY3vKEoWuVnQFDsTTwiUaRTFNviAHNQmrMCx54lEiGKs%2BYKoWBt%2FPVZvr4f71PgoBnDnU8aTQOGtH%2FpOr9sPYwajBkeE07IGGkJ5SCPsmGKllbt0kl8XIxCXQJDYFT8X9Rvd5lwZ4FgX4NaKtbfFrIBO96PyHtqz%2BvKGGMkKJgDgkcL2l7%2BAVNd78Ga5GRsIu2fSm9FLR3VcrR10lO%2BUM08Zn%2Fs2h7l0BCnvb8BDBw8tRIKHQBk8uYLB3QM2TY9bVig%2FIE9NHisoDPYpqvaDsZ%2F8obISClbv%2BlQug3ZlGswp3EfgA%2Fom6IrrClkX647Zdjjw9%2Br5Mcvp%2Baa%2BJBeuVrvyM4QDOakjdWfS6O%2BBJrHxfmbo0Kin1Gpp5lNzdJFgkoR1MOL3Zb6EWFJLkG2iwV3dsbphh8CKRbwuxjjSWYY1U63qJLUzylt8tXc50eBITwugSNPH3Ok09sVpGw61BSdoQRvEGgfFlc5w%3D%3D&nvMid=33567966874&catId=50001519
Apple 아이폰 13 자급제 블루 128GB,"1,090,000원",https://cr.shopping.naver.com/adcr.nhn?x=rz8I3I3LD9bAAa4LgCbpgf%2F%2F%2Fw%3D%3DsAZOGRIwBAQQRuQ12W%2FwewKgj5cecMjrTc3JMXUyJ%2BIdhJz9H0Ub4KLvuVTVtNMxMPv8BPbV6RvkHIAaHzQIVpKEFNgc0nnsQjHRT8mTwVEDEUnz2ntRl4SK1Lw2AfQKn1zNSVtGKZm9bKz4z5xMRhW3JzeXxkSdTecfUR4%2FvRQjd%2BKwjnmE8nmku4yNhWgwhmfLAARyRl0caaiEG3Q2bq6UsrdZNxDQb%2BDPWNOX6jNgs%2BnXGkM%2FXvsmAB4CtvjzKOO61CNShjbzWt35o0JoZeW0n4DJhRe1U8IVTDRTVND2iublBLPqjBpyMr35wpQywpW8DF9ywUxKIYi30cOsa6G5dKuvMYpHDRF6dJ6wT8hBr6kdrp7BvT8OlwZ7P37YyZp%2FuhVWf5tMOyu5R2EADu2rdaRCdzZivm043FEUUggaswzOwDYz%2F8g2%2FEftKomTp42C%2Fc7qRTevQOFdP2Clgn264ZFKgKkkeaH9EIboAZfvXdwMZv%2BsjaOq%2FaIlKn6P2JIuar%2Fw3Eor36KrrXml8fIjyRiyy%2FNf5QmSmHxbVNsNJFjzbTvRM6RUWx5xxQXhJlTd8Df5JkLn44JhxqeI70QzuPP2xso0bDaSJtTxDckwugiDh5S8n%2B7Rc0MeNuzgdsX4lF8GuXu%2BlIsFx0EfYtf0v8UzNu1iv0SJPIVoBE6%2Fke%2FVP%2BgM94BPZkP5YJ%2Bex&nvMid=29619782067&catId=50001519
해외아이폰 13 Pro ProMax 미국직구 정품 무음 카메라 관부가세 포함,"1,590,000원",https://cr.shopping.naver.com/adcr.nhn?x=CurAm8%2B12Jn%2FnKNYoMBx4v%2F%2F%2Fw%3D%3Ds5SeI%2FqBkqp3aNnhpfxjl1%2BXn6ghrvlKBXsROcR%2F8MuVhJz9H0Ub4KLvuVTVtNMxMZVhqZrdcQRmKtQ2fC4o07qEFNgc0nnsQjHRT8mTwVEDEUnz2ntRl4SK1Lw2AfQKn1zNSVtGKZm9bKz4z5xMRhTaSZny%2B1MgSfJG5ocTRQNj1rIvubP2%2F%2BNF2sTRY2hEVBBuMgWOSIK01yXGGRkNwxnWyIIamGZGnvKpkhzfWrtirCRdUxvA177jl0VodmokhNUJnit2TyE8yh3GxJ0fiPPox9b%2Bf9rRgatNJWCnQj9MWr4KxnJpXa69ephRm3lZpf5S5ycDGuwbfEdv1A6kKwjJZbpqESGsEXtRygGGkaHG08afmcE1%2FMbNYHrHG3d%2Be7R8POR7InpWRs%2BmMC1RhnlroWdH44i%2FtOKLWeniqN5eP7O3EOmeiFboxQ4QfbRgxMEFpUGAs0yVNNWF1sPyITk%2FtIGUTLWSAjf8X6s7E3Vkhmz8EOOm1v5PsdxXq91dMjUt%2B1r5JhrQVUwsX8pwXsM2sgfM2EZ0XZZQijv4Xcp0Lk4T2e8DeplmUdLQIGLjMjour24FWSGC07aCNSH9Qvkvg8qMhbDRBEXYndyz%2BLay0AY506kQyGl%2FzBPYLYp22Bq7h9PA5SrIXrcWPClBGWw%3D%3D&nvMid=83251553577&catId=50001519
아이폰 13 미니 자급제 256GB 핑크 MLK73KH/A,"1,143,450원",https://cr.shopping.naver.com/adcr.nhn?x=iqkY4W4Ew78V%2BLjvo50X7P%2F%2F%2Fw%3D%3DsxQxYPey5sfV4I%2B6hUzEdnlVoLaotX3kNPsRmMGC5r3VhJz9H0Ub4KLvuVTVtNMxM%2FoJ0unziI%2BhT2ZLVwKqLy6EFNgc0nnsQjHRT8mTwVEDEUnz2ntRl4SK1Lw2AfQKnMF7RerkM32bC%2BCR6cYWzPiTGCD9Vz5n4ms8MDGQoS0OXy0ZyPizqqSo9HPLc4z9ck2b%2B2g1SjUstgAO%2FQzlgboDxDTRW7rVvJdhooCJMAQqorYoLP33X0ay3h2id35cpW0W7fEggyYTMgSGtXVNQKnVXpNPYH44%2B3i2J6zjDfmjihMQTlGDiU5YSxDeXM9PwNtYKI9x%2BylNs%2FAQmg%2BULcMqZuNu9nDfmCRibC7HSzX%2BbRARz0Bv%2Buz7sDu0WR0VRJd65H99ROCamAlTMsWGZBwez%2FY8eSma9aMvarLWce5u29s2jM00%2FRJ0kOMS7NOtfix%2FXNGVAqz68K7xpCsIyV12tT2AG9M5jxdXEaCkbHF2RVh0VUEdSIRM%2FIImEewuQgrz2WclNCXvukmtJmUBPcFb70xOLoOcyBJcCpDzeWLm60KeOuoF932GT%2FE%2FB41Ti8KHA346V%2BRX0%2Bv5SCKbAiTL5A3KI6754SsbWlhFtK4DQU8SrFbBKH0x8VXZM1T5vU09doaKPf7yCAqYm6Jm%2FHA5syw84bDjadklRDixI%2B4HRcJRY4jFToL1NbBYRrJQithyD506JBFM75%2F5Yb%2F46s%2FlC9Y%2B2D4Ij43ErcsjlrvpB0CIl3BeKsFF2drF%2B%2BsFv&nvMid=32948088990&catId=50001519
아이폰 Apple 아이폰13 미니 256GB 구매가 32만원,"328,000원",https://cr.shopping.naver.com/adcr.nhn?x=dMs7NPRi0CyJsnBbU%2B0NYv%2F%2F%2Fw%3D%3DsyypetIt836%2Bp1as%2BY%2BaANyFOQ0OAI4aRXQ93DRoEWKtWQE1WikGGRjsm7ORTamZ7WhDDByjDMVODb9eo3tpWftEdMyc6M3qabj%2BayDsnnd3Yn%2FrRQZYKNb8zB98gGSI%2Bnb15BPcfTyPaSaFaZI%2BJvMj%2FdcXeK4zHpuWdvA8cmNSWtcgxh%2FsOYl4JgAkU%2F9XhcOm4UoSDQKtQs0uez7oCAGwz4HvOeOXNGisECu%2FbFJOHW6p8pdKlRMT1SF6zy09Xk8cc59m1BOeio2g4sehygKw8zyXiHnRk8w%2BjmeNt9npwZJqXvHS2o%2BDeTyvC4d9%2By%2F6MHZ6u%2F5n6uuzlUc6JNEuUiTS4CHUtVxQrWeRhExjeGlwzh2tN722ihOtIbgTYFoqDarGVBp8JijlJZzgikGGMkKJgDgkcL2l7%2BAVNd7%2BZN2Lzb4eRKNaPG51X3D2RXl7PCYSq9cP300KINpRopE6b%2BxqsCsEDchh7Q4WeKrqgUm1RdNanJXbiYgU8s4G%2F%2B94pYNn7xwHN2I0z3FkAoXQZmeiL6ezj42PUmc5eFgfVQ23fvqGEdIOxJ7uytjtJzyJ1hwmTABIJReqCGbB1LHwJeXbnU6mZaLN%2BXPYoRZzW%2FSycRH2kk84EHx2fgVkkJXopCeC7sogz6p7wY8hcMc2OqH9l6YII5ugOGfB4CYY%3D&nvMid=29860859288&catId=50001519
아이폰13 미니 256GB 자급제 새상품,"877,820원",https://cr.shopping.naver.com/adcr.nhn?x=81e31ZRq210BKAeZPaBSk%2F%2F%2F%2Fw%3D%3DsBs1C6fctPn8IVoB%2Bak%2Fryv9V8piJH7Z0CdHXCb4pNqlhJz9H0Ub4KLvuVTVtNMxMuHxlREwjbz0aGLPslvuRJaEFNgc0nnsQjHRT8mTwVEDEUnz2ntRl4SK1Lw2AfQKnMF7RerkM32bC%2BCR6cYWzPu0JZ4vKXq2xVuFay0gNbwiO%2FsdgQE5FIA0Tw1QMogpFMmRqcEZnq%2FHj3QMwYwYX8iaD%2BcsZHDCO4NDJr20IFLyQkFFATX35TZJgree3CpB75o3kOnLrp9RBY4kgrL5Yn8HPv45Edr5fvvv%2FlTzZa4UKVXrDlQhwPuISUo%2B3jEUDss5StjkbS8Z%2Fiti%2FKA0wL%2Bp2LdD%2BbxXYDmNHXbecDBn3sleRbPLIYSGCWa%2B7F%2B%2F%2Fx%2BkrQ%2BUKxCVHff5tYFdBz6GjjtClkoSqwO2YYtmDB4l3oT7NTgzBdpro0sW0MCEwgaNkv2dGd9fR%2Bz64PifTl12e%2BiiWQpU2i6IrG8WK0hCXFUzvvbQhwpFLT1HMK5xrar2NizLauMaoifPwsG1ZVlLykMh1iHz4bNOnf5Zte1zq3ZAe6MQbrxgzVlL%2BCoVRNu4m4Xhzk0DIhTJXtT3zt0HQIiXcF4qwUXZ2sX76wW8%3D&nvMid=32358707400&catId=50001519
