박세웅,마스터,에반/Lv.280
재소이,부마스터,비숍/Lv.283
흐륜,부마스터,배틀메이지/Lv.282
콩도링링,부마스터,"아크메이지(불,독)/Lv.278"
눈털뭉탱이,부마스터,팬텀/Lv.276
둘둘치킨,길드원,은월/Lv.286
뮤끈,길드원,패스파인더/Lv.284
진격캐넌,길드원,캐논마스터/Lv.283
물법,길드원,듀얼블레이더/Lv.283
사키웅,길드원,듀얼블레이더/Lv.283
무혐의,길드원,히어로/Lv.283
백말창,길드원,나이트로드/Lv.283
색시해,길드원,섀도어/Lv.282
별표시,길드원,메카닉/Lv.282
시칸,길드원,나이트로드/Lv.282
내대,길드원,비숍/Lv.282
두두곤쥬님,길드원,패스파인더/Lv.282
분홍색깔,길드원,히어로/Lv.282
대갈텀,길드원,팬텀/Lv.282
도챙,길드원,엔젤릭버스터/Lv.282
샛별앗,길드원,아크/Lv.281
두부끼,길드원,팬텀/Lv.281
예리뭉,길드원,"아크메이지(불,독)/Lv.281"
커뮤랑,길드원,다크나이트/Lv.281
데동이얌,길드원,다크나이트/Lv.281
녹do,길드원,아델/Lv.281
출연극,길드원,플레임위자드/Lv.281
씰뇽,길드원,비숍/Lv.281
서도아파트,길드원,팔라딘/Lv.281
미태커,길드원,아델/Lv.281
라헐라헐라헐,길드원,캐논마스터/Lv.281
다낫,길드원,카이저/Lv.280
씨포,길드원,"아크메이지(불,독)/Lv.280"
흉기난동,길드원,히어로/Lv.280
효민,길드원,"아크메이지(불,독)/Lv.280"
히솝향,길드원,"아크메이지(불,독)/Lv.280"
결벽증,길드원,히어로/Lv.280
꺼뮤,길드원,카데나/Lv.280
히재님3,길드원,캐논마스터/Lv.280
외해,길드원,팔라딘/Lv.280
인시영,길드원,듀얼블레이더/Lv.280
박빈곤,길드원,아란/Lv.280
뱍홍,길드원,나이트로드/Lv.280
쩡으닝,길드원,"아크메이지(불,독)/Lv.280"
멍카이,길드원,스트라이커/Lv.280
청하림,길드원,윈드브레이커/Lv.280
쮸쮸바,길드원,"아크메이지(불,독)/Lv.280"
문꿍,길드원,"아크메이지(불,독)/Lv.280"
박쿠다스,길드원,은월/Lv.280
영태,길드원,캐논마스터/Lv.280
첫눈온그날,길드원,데몬슬레이어/Lv.280
부들콩이,길드원,아델/Lv.280
최호승,길드원,은월/Lv.280
Q9500,길드원,에반/Lv.280
너뿐이다,길드원,히어로/Lv.280
크몬,길드원,아델/Lv.280
젠타,길드원,섀도어/Lv.280
LlST,길드원,나이트로드/Lv.280
힐덱,길드원,메르세데스/Lv.280
랭크,길드원,나이트로드/Lv.280
둔폿,길드원,팔라딘/Lv.280
뿌허,길드원,패스파인더/Lv.280
뉴릿,길드원,비숍/Lv.280
리포매드,길드원,윈드브레이커/Lv.279
마옥석,길드원,듀얼블레이더/Lv.279
BluPRO,길드원,팔라딘/Lv.279
금안경,길드원,나이트로드/Lv.279
쇳웅,길드원,메르세데스/Lv.279
푹류귄,길드원,은월/Lv.279
디온가람,길드원,비숍/Lv.278
데드캣,길드원,"아크메이지(불,독)/Lv.278"
착옥,길드원,카데나/Lv.278
갈매기사냥꾼,길드원,아델/Lv.278
일른,길드원,나이트로드/Lv.278
Maddux,길드원,캡틴/Lv.278
루시드벨트,길드원,비숍/Lv.278
소르형,길드원,일리움/Lv.277
츠넉,길드원,아델/Lv.277
카이저환생함,길드원,카이저/Lv.277
잇더리,길드원,캐논마스터/Lv.277
낸지,길드원,비숍/Lv.277
세자저하,길드원,와일드헌터/Lv.277
백점,길드원,소울마스터/Lv.277
와팡,길드원,와일드헌터/Lv.277
닌잣,길드원,팬텀/Lv.277
송승헌,길드원,"아크메이지(불,독)/Lv.277"
weIl,길드원,바이퍼/Lv.276
정우섭,길드원,미하일/Lv.276
주산,길드원,"아크메이지(불,독)/Lv.276"
현리우,길드원,아크/Lv.276
트헤카,길드원,나이트로드/Lv.276
천기도문,길드원,비숍/Lv.276
늉멍멍,길드원,듀얼블레이더/Lv.276
젠피,길드원,듀얼블레이더/Lv.276
카르실,길드원,"아크메이지(불,독)/Lv.276"
늉멍브,길드원,윈드브레이커/Lv.276
종로D,길드원,아델/Lv.276
부발읍로봇,길드원,메카닉/Lv.276
키라김,길드원,히어로/Lv.276
배기주,길드원,바이퍼/Lv.276
Barok,길드원,"아크메이지(불,독)/Lv.276"
집요정망두,길드원,소울마스터/Lv.276
쇼다,길드원,듀얼블레이더/Lv.276
제제,길드원,"아크메이지(불,독)/Lv.276"
킹콜하실래여,길드원,"아크메이지(썬,콜)/Lv.276"
귤녀,길드원,아델/Lv.276
보통만나,길드원,블래스터/Lv.276
골드하트,길드원,나이트로드/Lv.276
소뿔,길드원,나이트로드/Lv.276
유키,길드원,비숍/Lv.276
퍄잇,길드원,듀얼블레이더/Lv.276
심머겅,길드원,팬텀/Lv.276
먹는다소고기,길드원,아란/Lv.276
모모난,길드원,나이트로드/Lv.276
세뚱보,길드원,듀얼블레이더/Lv.276
찐맷,길드원,호영/Lv.276
허정,길드원,나이트로드/Lv.275
순아라,길드원,아델/Lv.275
융쥬,길드원,에반/Lv.275
비엘,길드원,캐논마스터/Lv.275
묻지마,길드원,팬텀/Lv.275
슈가폰,길드원,팬텀/Lv.275
샤넬조던,길드원,비숍/Lv.275
유재영,길드원,"아크메이지(불,독)/Lv.275"
셰엇,길드원,소울마스터/Lv.275
Hodu,길드원,호영/Lv.275
IU작은방,길드원,비숍/Lv.275
제웁,길드원,패스파인더/Lv.275
소르코,길드원,아델/Lv.275
아델쭁,길드원,아델/Lv.275
아광델밥,길드원,아델/Lv.275
쌍화,길드원,비숍/Lv.275
찬쿤,길드원,"아크메이지(썬,콜)/Lv.275"
왜해,길드원,메카닉/Lv.275
백운호신,길드원,호영/Lv.275
형춘,길드원,나이트로드/Lv.275
깅에디,길드원,호영/Lv.275
이댜웅,길드원,호영/Lv.275
물리가좋아,길드원,히어로/Lv.275
칫페,길드원,제논/Lv.275
포프릿,길드원,팔라딘/Lv.275
쭈뻣,길드원,에반/Lv.275
2학년교대생,길드원,아델/Lv.275
메결,길드원,아델/Lv.275
식사중일땐좀,길드원,카데나/Lv.275
안혜,길드원,아란/Lv.275
유빙건,길드원,카이저/Lv.275
히재님14,길드원,은월/Lv.275
브라떠,길드원,은월/Lv.275
처처,길드원,나이트로드/Lv.275
꼬마여우,길드원,아델/Lv.275
말창메카닉,길드원,메카닉/Lv.275
포세이돈,길드원,바이퍼/Lv.275
나자나로,길드원,나이트로드/Lv.275
앙봉례,길드원,아델/Lv.275
도둑질막둥이,길드원,팬텀/Lv.275
더더욱,길드원,나이트로드/Lv.274
잉글,길드원,윈드브레이커/Lv.273
가딩,길드원,일리움/Lv.273
큐티큐티정,길드원,데몬어벤져/Lv.273
꿀보성,길드원,"아크메이지(썬,콜)/Lv.273"
미적분,길드원,와일드헌터/Lv.273
소르성,길드원,블래스터/Lv.272
시작의나무,길드원,캐논마스터/Lv.272
요둥,길드원,비숍/Lv.272
암게,길드원,듀얼블레이더/Lv.272
청감,길드원,은월/Lv.272
존멋율,길드원,"아크메이지(불,독)/Lv.272"
진오,길드원,"아크메이지(불,독)/Lv.272"
AcneMakio,길드원,아델/Lv.271
이삐야,길드원,비숍/Lv.271
미굴,길드원,히어로/Lv.271
광야,길드원,팬텀/Lv.271
희울,길드원,"아크메이지(썬,콜)/Lv.271"
촤콩순,길드원,나이트로드/Lv.271
ByBy,길드원,비숍/Lv.270
작은말랑이,길드원,아델/Lv.270
진윤,길드원,"아크메이지(썬,콜)/Lv.270"
까아린,길드원,제논/Lv.269
우석앗,길드원,"아크메이지(불,독)/Lv.268"
나비날개,길드원,제로/Lv.268
수예,길드원,비숍/Lv.267
염아이,길드원,비숍/Lv.267
시프할리스,길드원,섀도어/Lv.266
쏘봅,길드원,비숍/Lv.266
멱살,길드원,패스파인더/Lv.264
투슬쟝,길드원,라라/Lv.264
고현조,길드원,비숍/Lv.262
궁모감독,길드원,히어로/Lv.262
지야,길드원,비숍/Lv.261
긔쏨,길드원,아델/Lv.261
내복생활,길드원,윈드브레이커/Lv.261
깅애디,길드원,호영/Lv.260
독고하원,길드원,"아크메이지(불,독)/Lv.260"
꿈꾸지,길드원,보우마스터/Lv.260
도곡동비숍,길드원,비숍/Lv.260
뗀죠,길드원,비숍/Lv.259
보마소년웨딩,길드원,보우마스터/Lv.257
